NFLX, 0.0
COO, 0.06806
GLW, 0.00885
CBRE, 0.0
ALLE, 0.07321
PTC, 0.0
MCHP, 0.0
RHI, 0.0
BKR, 0.0769
AFL, 0.06517
AES, 0.00723
PARA, 0.0
TAP, 0.03746
FTV, 0.0591
DFS, 0.0
MTD, 0.0
D, 0.23408
AAL, 0.0
DXC, 0.0
PFE, 0.0
NEE, 0.36993
AAPL, 0.0
