PYPL, 0.0
ESS, 0.0
DRE, 0.24709
C, 0.16336
FRT, 0.0
HIG, 0.0
RCL, 0.0
O, 0.00097
EXR, 0.0
MTCH, 0.05791
XOM, 0.06686
CMA, 0.0
PLD, 0.0
FANG, 0.0
ARE, 0.0
PHM, 0.0
CVS, 0.17024
KMI, 0.0
DFS, 0.0
ALL, 0.0
IP, 0.02687
MAA, 0.0
PEAK, 0.0
CHTR, 0.07286
GM, 0.0
PSA, 0.13273
DLR, 0.0611
